time_ms,B102NO2,B302C2H5OH,B502VOC,B702CO,TdegC,RH
2266,945,539,888,584,24,34
2397,945,539,888,585,24,34
2524,945,539,889,587,24,34
2655,946,539,888,587,24,34
2786,946,539,889,588,24,34
2917,946,538,889,587,24,34
3048,946,539,889,587,24,34
3179,946,539,889,581,24,34
3314,946,538,890,571,24,34
3445,945,539,889,563,24,34
3572,945,539,889,557,24,34
3703,946,539,889,551,24,34
3834,945,539,890,548,24,34
3965,945,539,890,546,24,34
4097,946,539,889,547,24,34
4228,946,539,890,551,24,34
4359,945,538,888,558,24,34
4494,946,539,889,564,24,34
4625,945,538,888,571,24,34
4752,946,539,888,576,24,34
4883,946,538,888,581,24,34
5014,946,539,888,583,24,34
5145,946,539,888,586,24,34
5276,946,538,888,587,24,34
5407,946,539,888,589,24,34
5538,946,538,888,591,24,34
5673,945,539,888,593,24,34
5800,946,539,888,592,24,34
5932,945,539,889,593,24,34
6063,946,539,889,593,24,34
6194,946,539,889,592,24,34
6325,946,539,888,593,24,34
6456,945,539,888,593,24,34
6587,946,539,888,592,24,34
6718,946,539,889,589,24,34
6849,945,539,889,578,24,34
6980,945,540,888,570,24,34
7111,946,539,889,560,24,34
7242,945,539,890,555,24,34
7373,945,539,890,550,24,34
7504,945,538,890,547,24,34
7635,946,539,889,546,24,34
7766,945,539,890,546,24,34
7897,946,539,890,553,24,34
8029,945,539,890,561,24,34
8160,946,539,890,568,24,34
8291,945,539,890,574,24,34
8422,946,540,890,579,24,34
8553,945,539,890,584,24,34
8684,946,539,890,585,24,34
8815,946,539,890,589,24,34
8946,945,539,890,593,24,34
9077,946,540,889,594,24,34
9208,946,539,889,596,24,34
9339,945,539,889,597,24,34
9470,946,539,888,598,24,34
9601,945,539,888,599,24,34
9733,946,539,888,598,24,34
9863,946,539,888,600,24,34
9995,946,540,889,600,24,34
10126,946,539,888,600,24,34
10253,946,540,887,599,24,34
10388,945,540,888,600,24,34
10519,946,539,887,599,24,34
10650,946,539,888,598,24,34
10781,945,538,889,596,24,34
10912,945,540,888,588,24,34
11043,946,539,888,579,24,34
11174,945,539,888,570,24,34
11301,946,540,889,564,24,34
11432,946,539,888,558,24,34
11567,946,539,888,554,24,34
11699,945,540,888,552,24,34
11830,946,539,889,553,24,34
11961,945,540,888,559,24,34
12092,946,540,889,567,24,34
12223,946,539,888,572,24,34
12350,946,539,889,578,24,34
12481,946,540,889,584,24,34
12612,946,539,890,587,24,34
12747,946,539,889,590,24,34
12878,946,540,889,593,24,34
13009,946,540,889,596,24,34
13140,946,540,890,598,24,34
13271,946,539,888,598,24,34
13398,945,539,889,598,24,34
13529,945,539,889,600,24,34
13660,944,539,888,601,24,34
13791,945,539,888,600,24,34
13927,945,539,888,600,24,34
14058,946,539,888,600,24,34
14189,945,539,888,600,24,34
14320,946,539,887,599,24,34
14447,945,539,887,593,24,34
14578,946,539,887,583,24,34
14709,945,539,888,574,24,34
14840,946,538,887,565,24,34
14971,945,538,887,558,24,34
15106,946,538,888,553,24,34
15237,946,538,888,551,24,34
15368,946,539,888,548,24,34
15495,946,539,888,549,24,34
15626,945,539,888,555,24,34
15757,946,537,889,561,24,34
15889,945,539,888,568,24,34
16020,946,538,888,576,24,34
16151,945,539,888,580,24,34
16286,946,538,888,585,24,34
16417,945,538,888,587,24,34
16544,945,537,889,591,24,34
16675,946,538,889,593,24,34
16806,945,537,889,594,24,34
16937,945,537,889,594,24,34
17068,945,537,889,597,24,34
17199,945,537,889,597,24,34
17330,946,537,888,597,24,34
17465,945,538,889,597,24,34
17596,945,538,888,596,24,34
17723,945,537,888,595,24,34
17855,945,537,888,588,24,34
17986,945,537,887,578,24,34
18117,946,537,887,570,24,34
18248,945,537,887,561,24,34
18379,945,537,886,554,24,34
18510,946,537,887,550,24,34
18645,946,538,887,547,24,34
18772,945,538,886,547,24,34
18903,946,538,887,548,24,34
19034,945,538,887,555,24,34
19165,944,538,887,562,24,34
19296,945,538,887,568,24,34
19427,946,538,887,573,24,34
19558,945,537,887,578,24,34
19689,946,538,887,582,24,34
19820,945,538,887,584,24,34
19951,945,537,888,586,24,34
20083,945,538,888,588,24,34
20214,945,537,888,590,24,34
20345,944,538,888,590,24,34
20476,945,538,888,590,24,34
20607,945,538,888,590,24,34
20738,945,538,888,589,24,34
20869,945,538,887,582,24,34
21000,945,538,888,572,24,34
21131,946,538,887,564,24,34
21262,946,537,888,556,24,34
21393,944,538,887,551,24,34
21524,945,538,886,545,24,34
21655,944,538,886,542,24,34
21786,946,538,887,542,24,34
21917,945,538,886,541,24,34
22049,945,538,886,544,24,34
22180,945,538,885,551,24,34
22311,945,538,886,558,24,34
22442,945,538,886,563,24,34
22573,946,538,886,569,24,34
22704,945,538,886,573,24,34
22835,945,537,886,577,24,34
22966,945,537,886,581,24,34
23097,945,538,886,583,24,34
23224,945,538,886,584,24,34
23359,944,537,887,586,24,34
23490,945,538,887,586,24,34
23621,945,537,887,586,24,34
23752,945,537,887,586,24,34
23884,945,538,887,582,24,34
24015,945,537,887,573,24,34
24146,945,538,888,565,24,34
24273,945,538,888,557,24,34
24404,945,538,887,551,24,34
24539,945,538,887,545,24,34
24670,945,538,888,544,24,34
24801,945,537,887,544,24,34
24932,945,538,888,546,24,34
25063,945,537,887,552,24,34
25194,945,538,887,559,24,34
25325,945,537,887,564,24,34
25452,945,537,887,570,24,34
25583,944,537,886,574,24,34
25719,945,537,887,578,24,34
25849,945,537,887,581,24,34
25981,944,538,886,582,24,34
26112,944,537,886,583,24,34
26243,945,538,885,586,24,34
26374,946,537,886,586,24,34
26501,944,537,885,586,24,34
26632,945,537,886,586,24,34
26763,945,537,886,583,24,34
26898,945,538,885,574,24,34
27029,945,538,886,565,24,34
27160,945,537,887,557,24,34
27291,945,538,886,549,24,34
27422,946,537,887,544,24,34
27553,945,537,887,540,24,34
27680,944,536,886,538,24,34
27812,945,537,886,537,24,34
27942,944,537,887,537,24,34
28078,945,536,887,544,24,34
28209,945,537,887,551,24,34
28340,945,537,887,557,24,34
28471,945,536,887,562,24,34
28602,944,536,887,569,24,34
28729,945,536,888,574,24,34
28860,945,536,887,577,24,34
28991,945,536,887,580,24,34
29122,945,536,887,583,24,34
29257,945,536,887,585,24,34
29388,946,536,887,586,24,34
29519,945,536,886,586,24,34
29650,945,536,886,587,24,34
29778,945,536,886,588,24,34
29908,945,536,886,588,24,34
30039,945,536,886,587,24,34
30171,944,536,886,583,24,34
30302,945,536,884,574,24,34
30437,945,535,885,565,24,34
30568,945,535,885,558,24,34
30699,944,536,885,551,24,34
30826,946,536,885,547,24,34
30957,945,536,885,544,24,34
31088,944,536,886,543,24,34
31219,944,537,886,545,24,34
31350,944,537,886,551,24,34
31481,945,537,886,559,24,34
31616,945,536,887,564,24,34
31747,945,536,887,570,24,34
31874,946,537,886,574,24,34
32005,945,536,886,579,24,34
32137,945,536,887,581,24,34
32268,945,537,886,584,24,34
32399,945,537,887,586,24,34
32530,945,537,886,587,24,34
32661,944,536,886,587,24,34
32796,945,537,887,588,24,34
32923,945,537,887,588,24,34
33054,944,537,887,588,24,34
33185,945,537,887,587,24,34
33316,944,537,887,586,24,34
33447,944,537,887,578,24,34
33578,945,537,886,569,24,34
33709,945,537,887,560,24,34
33840,945,537,886,552,24,34
33972,945,537,886,546,24,34
34103,945,537,886,542,24,34
34233,946,537,886,540,24,34
34365,945,537,886,539,24,34
34496,945,538,886,540,24,34
34627,946,537,885,547,24,34
34758,945,536,886,554,24,34
34889,945,537,885,560,24,34
35020,945,538,886,568,24,34
35151,945,537,886,572,24,34
35282,945,537,887,576,24,34
35413,945,537,886,581,24,34
35544,945,537,887,582,24,34
35675,945,538,887,585,24,34
35806,944,537,887,586,24,34
35937,945,537,887,587,24,34
36069,944,537,887,588,24,34
36200,945,538,887,589,24,34
36331,944,537,887,588,24,34
36462,945,538,888,588,24,34
36593,944,537,887,586,24,34
36724,944,537,887,580,24,34
36855,945,537,887,571,24,34
36986,946,538,887,561,24,34
37117,945,536,887,555,24,34
37248,945,537,886,549,24,34
37375,945,538,886,545,24,34
37510,945,537,886,543,24,34
37641,944,538,886,541,24,34
37772,945,537,886,545,24,34
37903,945,537,886,551,24,34
38035,945,538,886,557,24,34
38166,945,538,885,564,24,34
38297,946,537,885,570,24,34
38424,945,538,886,574,24,34
38555,945,537,885,577,24,34
38690,944,538,885,580,24,34
38821,944,538,885,583,24,34
38952,945,537,885,584,24,34
39083,945,538,885,585,24,34
39214,944,538,886,585,24,34
39345,945,537,886,586,24,34
39472,944,537,886,586,24,34
39603,945,538,886,584,24,34
39734,946,537,886,580,24,34
39869,945,538,886,569,24,34
40000,944,538,887,560,24,34
40132,945,538,886,552,24,34
40262,945,537,886,547,24,34
40394,945,537,886,543,24,34
40521,944,537,887,540,24,34
40652,946,538,887,535,24,34
40783,945,537,886,537,24,34
40914,945,537,887,539,24,34
41049,945,538,887,545,24,34
41180,945,537,886,553,24,34
41311,944,537,887,559,24,34
41442,945,537,887,564,24,34
41574,944,537,887,569,24,34
41700,945,537,886,573,24,34
41831,945,537,886,576,24,34
41962,945,537,886,579,24,34
42093,945,537,885,582,24,34
42229,945,537,886,582,24,35
42360,945,536,886,583,24,35
42491,944,537,885,584,24,35
42622,945,536,884,584,24,35
42749,944,536,884,584,24,35
42880,945,536,885,583,24,35
43011,945,536,885,577,24,35
43142,944,536,885,567,24,35
43273,945,536,885,558,24,35
43408,945,536,885,552,24,35
43539,945,536,885,545,24,35
43670,945,535,886,541,24,35
43798,945,536,886,539,24,35
43928,945,536,887,538,24,35
44060,945,536,886,542,24,35
44191,944,535,886,548,24,35
44322,944,536,886,555,24,35
44453,945,536,886,562,24,35
44588,945,535,886,567,24,35
44719,945,536,887,571,24,35
44846,945,535,887,574,24,35
44977,944,535,887,578,24,35
45108,944,536,887,578,24,35
45239,945,535,887,581,24,35
45370,945,536,887,582,24,35
45501,945,536,886,583,24,35
45632,945,535,886,583,24,35
45767,944,536,885,583,24,35
45898,944,536,886,583,24,35
46026,945,536,886,578,24,35
46157,945,535,885,568,24,35
46288,944,536,885,559,24,35
46419,945,535,885,552,24,35
46550,945,536,885,545,24,35
46681,945,536,884,539,24,35
46812,945,536,885,536,24,35
46947,944,535,884,535,24,34
47074,945,536,884,535,24,34
47205,945,536,885,539,24,34
47336,944,536,884,546,24,34
47467,944,536,885,553,24,34
47598,944,536,886,560,24,34
47729,944,536,885,565,24,34
47860,944,536,886,571,24,34
47991,944,536,885,574,24,34
48123,945,536,886,578,24,34
48254,945,536,886,580,24,34
48385,944,537,886,582,24,34
48516,944,537,885,584,24,34
48647,945,537,886,585,24,34
48778,945,536,887,585,24,34
48909,944,536,886,586,24,34
49040,945,537,887,586,24,34
49171,945,536,887,585,24,34
49302,945,536,886,584,24,34
49433,945,536,887,577,24,34
49564,945,536,886,567,24,34
49695,945,537,887,559,24,34
49826,945,536,886,551,24,34
49957,944,536,886,546,24,34
50089,944,536,886,541,24,34
50220,944,536,885,540,24,34
50351,945,537,885,542,24,34
50482,944,536,884,548,24,34
50613,945,536,885,554,24,34
50744,945,536,885,561,24,34
50875,945,537,885,567,24,34
51006,945,537,884,571,24,34
51137,944,537,885,576,24,34
51268,945,536,884,579,24,34
51399,944,536,885,581,24,34
51526,944,536,885,583,24,34
51661,945,536,885,584,24,34
51792,944,537,885,585,24,34
51923,944,537,885,585,24,34
52055,944,537,885,586,24,34
52186,944,536,885,586,24,34
52317,945,536,885,586,24,34
52448,944,536,885,585,24,34
52575,945,536,886,580,24,34
52706,944,537,886,571,24,34
52841,944,536,886,560,24,34
52972,945,537,886,553,24,34
53103,945,537,887,546,24,34
53234,945,537,886,542,24,34
53365,945,536,886,537,24,34
53496,944,537,886,537,24,34
53627,945,536,886,538,24,34
53754,944,536,886,541,24,34
53885,945,537,886,547,24,34
54021,945,537,885,556,24,34
54152,945,537,885,562,24,34
54283,945,536,884,568,24,34
54414,945,536,884,574,24,34
54545,944,536,884,576,24,34
54676,945,536,885,580,24,34
54803,944,537,884,582,24,34
54934,945,537,884,584,24,34
55065,945,537,884,586,24,34
55200,945,537,884,587,24,34
55331,945,537,885,589,24,34
55462,944,536,884,589,24,34
55593,945,537,885,589,24,34
55724,945,536,885,589,24,34
55852,944,537,885,588,24,34
55983,944,537,885,588,24,34
56114,945,536,884,587,24,34
56245,944,537,885,584,24,34
56380,944,536,884,574,24,34
56511,944,536,885,566,24,34
56642,944,536,886,559,24,34
56773,944,536,885,551,24,34
56900,945,536,886,546,24,34
57031,945,536,886,544,24,34
57162,944,536,886,544,24,34
57293,944,537,886,547,24,34
57424,944,537,886,554,24,34
57559,945,537,886,560,24,34
57690,945,537,886,567,24,34
57821,944,536,886,573,24,34
57948,944,537,886,577,24,34
58079,944,536,886,580,24,34
58211,944,536,886,584,24,34
58342,945,537,886,586,24,34
58473,945,537,886,588,24,34
58604,945,537,886,589,24,34
58739,945,536,885,590,24,34
58870,944,536,885,591,24,34
59001,945,536,885,593,24,34
59128,944,536,885,592,24,34
59259,944,536,884,593,24,34
59390,945,536,884,592,24,34
59521,944,536,884,592,24,34
59652,944,536,885,593,24,34
59783,944,536,884,591,24,34
59918,944,536,885,590,24,34
60050,944,536,885,589,24,34
60177,944,535,885,581,24,34
60308,945,536,885,572,24,34
60439,944,535,886,563,24,34
60570,945,535,886,554,24,34
60701,945,535,886,549,24,34
60832,945,535,886,544,24,34
60963,944,535,886,540,24,34
61098,944,535,886,540,24,34
61225,944,535,886,543,24,34
61356,945,535,887,549,24,34
61487,945,535,887,558,24,34
61619,945,535,886,565,24,34
61749,944,535,886,571,24,34
61880,945,535,886,576,24,34
62011,944,535,887,581,24,34
62142,944,535,886,584,24,34
62274,944,534,886,586,24,34
62405,945,535,886,588,24,34
62536,944,535,886,591,24,34
62667,945,535,885,593,24,34
62798,944,535,885,594,24,34
62929,945,535,884,594,24,34
63060,944,535,885,595,24,34
63191,944,535,885,595,24,34
63322,945,536,884,596,24,34
63453,945,535,884,595,24,34
63584,945,535,884,596,24,34
63715,944,536,884,595,24,34
63846,945,536,884,594,24,34
63977,944,536,884,593,24,34
64108,944,536,885,590,24,34
64240,944,536,884,580,24,34
64371,945,536,884,570,24,34
64502,944,536,886,562,24,34
64633,944,536,885,555,24,34
64764,944,535,885,549,24,34
64895,944,536,885,546,24,34
65026,945,536,886,546,24,34
65157,945,536,885,549,24,34
65288,944,536,886,557,24,34
65419,944,536,886,562,24,34
65550,944,536,886,569,24,34
65677,945,536,886,575,24,34
65812,943,536,886,579,24,34
65943,945,536,886,583,24,34
66074,944,536,886,586,24,34
66206,944,536,886,587,24,34
66337,945,536,886,590,24,34
66468,944,536,885,591,24,34
66599,944,536,886,592,24,34
66726,944,536,885,593,24,34
66857,944,536,885,593,24,34
66992,945,536,886,593,24,34
67123,945,536,885,594,24,34
67254,945,536,884,594,24,34
67385,945,536,884,593,24,34
67516,944,537,884,593,24,34
67647,944,536,885,591,24,34
67774,944,536,884,586,24,34
67905,944,536,884,575,24,34
68036,945,536,884,567,24,34
68172,944,536,884,559,24,34
68303,944,536,885,551,24,34
68434,944,536,884,546,24,34
68565,944,537,885,544,24,34
68696,944,537,884,541,24,34
68823,945,536,885,541,24,34
68954,944,536,885,547,24,34
69085,944,536,885,555,24,34
69216,945,536,885,563,24,34
69351,945,536,885,569,24,34
69482,944,537,886,574,24,34
69613,944,536,886,580,24,34
69744,944,536,885,583,24,34
69872,944,536,885,585,24,34
70002,944,537,886,589,24,34
70134,945,536,886,590,24,34
70265,944,537,886,592,24,34
70396,944,536,886,592,24,34
70531,944,537,885,594,24,34
70662,943,537,886,594,24,34
70793,945,536,886,595,24,34
70920,944,537,886,595,24,34
71051,944,537,886,594,24,34
71182,944,537,885,596,24,34
71313,944,537,885,594,24,34
71444,944,536,885,594,24,34
71575,944,537,885,592,24,34
71710,944,536,884,592,24,34
71841,945,536,884,587,24,34
71972,945,537,884,576,24,34
72100,945,537,884,566,24,34
72231,944,536,883,559,24,34
72362,944,537,884,553,24,34
72493,945,537,884,549,24,34
72624,945,536,884,544,24,34
72755,944,537,884,543,24,34
72890,944,537,884,547,24,34
73021,944,537,885,553,24,34
73148,944,537,884,562,24,34
73279,944,537,885,569,24,34
73410,944,536,885,575,24,34
73541,944,537,885,579,24,34
73672,943,536,885,581,24,34
73803,944,536,886,585,24,34
73935,944,537,885,587,24,34
74070,944,536,885,589,24,34
74196,945,536,885,591,24,34
74328,943,537,885,592,24,34
74459,945,536,886,593,24,34
74590,944,536,885,594,24,34
74721,945,537,886,594,24,34
74852,945,537,886,594,24,34
74983,945,536,886,594,24,34
75114,944,536,886,593,24,34
75245,944,537,886,592,24,34
75376,944,536,885,593,24,34
75507,945,536,885,590,24,34
75638,944,536,885,580,24,34
75769,945,536,884,571,24,34
75900,945,536,884,562,24,34
76031,944,536,884,554,24,34
76162,944,536,884,548,24,34
76294,945,535,884,544,24,34
76425,944,536,884,542,24,34
76556,944,536,884,541,24,34
76687,944,536,884,546,24,34
76818,944,536,883,553,24,34
76949,944,536,884,559,24,34
77080,944,535,884,567,24,34
77211,944,536,884,572,24,34
77342,945,535,884,577,24,34
77473,945,536,884,580,24,34
77604,945,536,885,584,24,34
77735,944,536,885,587,24,34
77866,944,535,885,588,24,34
77997,944,536,885,590,24,34
78129,945,536,885,591,24,34
78259,943,535,885,593,24,34
78391,944,536,886,593,24,34
78522,944,536,885,594,24,34
78649,944,536,886,593,24,34
78784,945,536,886,593,24,34
78915,944,537,886,592,24,34
79046,945,536,886,590,24,34
79177,945,536,886,583,24,34
79308,944,536,885,571,24,34
79439,944,537,885,563,24,34
79570,944,536,885,556,24,34
79697,944,536,885,550,24,34
79828,944,536,885,545,24,34
79963,944,536,884,543,24,34
80095,944,536,884,544,24,34
80226,945,537,884,550,24,34
80357,944,536,883,557,24,34
80488,944,536,883,565,24,34
80619,944,536,883,571,24,34
80746,944,536,883,576,24,34
80877,945,537,883,579,24,34
81008,944,536,883,583,24,34
81143,944,536,883,585,24,34
81274,944,537,883,587,24,34
81405,945,536,883,589,24,34
81536,944,536,883,590,24,34
81667,944,536,884,592,24,34
81794,943,536,883,592,24,34
81925,944,536,884,591,24,34
82057,944,537,884,592,24,34
82187,945,537,884,591,24,34
82323,944,537,884,590,24,34
82454,945,537,884,589,24,34
82585,944,537,884,582,24,34
82716,944,536,885,570,24,34
82843,944,537,885,561,24,34
82974,945,536,884,554,24,34
83105,944,537,885,548,24,34
83236,944,537,884,543,24,34
83367,944,536,884,539,24,34
83502,945,536,885,539,24,34
83633,945,537,884,541,24,34
83764,944,537,885,546,24,34
83891,944,537,884,555,24,34
84022,944,536,885,562,24,34
84153,943,536,885,569,24,34
84284,944,537,884,573,24,34
84415,944,536,884,579,24,34
84547,944,537,883,581,24,34
84682,944,537,883,584,24,34
84813,945,537,883,588,24,34
84940,944,537,883,590,24,34
85071,944,537,883,591,24,34
85202,943,537,882,591,24,34
85333,944,537,883,593,24,34
85464,944,537,883,594,24,34
85595,944,537,883,593,24,34
85726,944,537,883,594,24,34
85861,944,537,883,593,24,34
85988,944,537,884,593,24,34
86120,944,537,884,593,24,34
86250,943,536,884,592,24,34
86382,944,537,884,591,24,34
86513,944,537,884,588,24,34
86644,944,536,885,577,24,34
86775,944,537,885,568,24,34
86906,944,537,884,560,24,34
87037,944,537,885,553,24,34
87168,944,536,885,549,24,34
87299,944,537,885,545,24,34
87430,945,537,886,543,24,34
87561,945,536,885,547,24,34
87692,945,536,885,554,24,34
87823,944,537,885,561,24,34
87954,945,537,885,568,24,34
88086,944,537,885,574,24,34
88217,944,536,885,579,24,34
88348,945,536,884,583,24,34
88479,944,537,884,587,24,34
88610,945,537,884,588,24,34
88741,944,536,884,591,24,34
88872,944,537,884,591,24,34
89003,944,536,884,594,24,34
89134,944,537,883,594,24,34
89265,944,536,883,594,24,34
89396,944,537,883,596,24,34
89527,944,536,883,596,24,34
89658,944,536,882,596,24,34
89789,944,536,883,596,24,34
89920,944,536,883,596,24,34
90051,944,536,884,595,24,34
90182,944,536,884,596,24,34
90313,945,536,884,594,24,34
90440,944,536,884,593,24,34
90576,944,536,885,592,24,34
90707,943,535,883,584,24,34
90838,944,536,884,574,24,34
90969,944,536,884,565,24,34
91100,945,536,885,557,24,34
91231,944,535,885,551,24,34
91362,944,536,885,547,24,34
91489,944,535,885,543,24,34
91620,944,535,885,544,24,34
91755,944,535,885,548,24,34
91886,944,535,885,555,24,34
92017,944,535,886,564,24,34
92148,945,536,885,572,24,34
92279,944,535,884,577,24,34
92411,945,535,885,582,24,34
92537,945,535,886,586,24,34
92669,944,535,885,589,24,34
92800,944,536,885,591,24,34
92935,944,536,885,594,24,34
93066,944,536,885,597,24,34
93197,944,536,886,597,24,34
93328,944,536,884,599,24,34
93459,945,536,885,599,24,34
93586,944,536,886,601,24,34
93717,944,536,885,601,24,34
93848,945,537,884,603,24,34
93979,945,536,885,602,24,34
94114,944,536,885,602,24,34
94245,944,536,884,603,24,34
94377,944,536,884,604,24,34
94508,944,536,883,603,24,34
94635,944,536,884,604,24,34
94766,945,536,884,604,24,34
94897,944,537,885,603,24,34
95028,944,536,885,603,24,34
95159,944,536,885,604,24,34
95294,944,536,885,603,24,34
95425,945,536,885,603,24,34
95556,944,536,886,602,24,34
95683,945,536,886,603,24,34
95814,944,537,886,601,24,34
95945,944,536,885,601,24,34
96076,944,536,885,601,24,34
96207,944,536,885,601,24,34
96339,944,536,886,600,24,34
96474,944,537,886,600,24,34
96605,944,537,886,599,24,34
96732,944,536,886,599,24,34
96863,945,536,885,600,24,34
96994,944,536,886,598,24,34
97125,944,537,886,596,24,34
97256,945,537,886,587,24,34
97387,945,537,887,577,24,34
97518,943,536,886,568,24,34
97653,945,537,886,560,24,34
97780,945,536,886,554,24,34
97911,944,537,886,550,24,34
98042,944,536,886,549,24,34
98173,944,537,886,550,24,34
98304,944,538,886,558,24,34
98435,944,537,886,566,24,34
98567,944,537,885,573,24,34
98698,945,537,885,580,24,34
98829,945,537,885,586,24,34
98960,944,537,884,590,24,34
99091,944,537,884,594,24,34
99222,945,537,884,596,24,34
99353,944,537,884,600,24,34
99484,944,537,884,601,24,34
99615,944,537,884,604,24,34
99746,944,537,884,604,24,34
99877,945,537,884,605,24,34
100008,944,537,884,606,24,34
100139,943,537,885,607,24,34
100271,944,537,884,607,24,34
100401,944,537,884,609,24,34
100533,944,537,885,608,24,34
100663,945,537,884,608,24,34
100795,944,538,884,608,24,34
100926,944,537,886,608,24,34
101053,945,537,885,608,24,34
101188,944,538,884,608,24,34
101319,944,537,886,608,24,34
101450,945,537,885,607,24,34
101581,944,538,886,606,24,34
101712,944,538,886,606,24,34
101843,944,537,886,605,24,34
101974,944,537,886,604,24,34
102105,944,537,885,603,24,34
102232,944,537,886,602,24,34
102368,944,537,885,593,24,34
102499,944,538,886,582,24,34
102630,944,538,885,573,24,34
102761,944,537,886,565,24,34
102892,944,538,886,559,24,34
103023,944,537,886,554,24,34
103154,945,537,885,551,24,34
103281,944,537,885,552,24,34
103412,944,538,885,557,24,34
103547,944,537,885,567,24,34
103678,945,537,885,575,24,34
103809,944,537,884,580,24,34
103940,944,537,885,586,24,34
104071,944,538,884,589,24,34
104202,944,537,884,593,24,34
104329,944,537,883,596,24,34
104461,945,537,884,598,24,34
104592,944,537,884,600,24,34
104727,944,536,884,602,24,34
104858,944,537,883,603,24,34
104989,943,537,884,604,24,34
105120,944,537,885,605,24,34
105251,944,536,885,605,24,34
105378,944,537,884,604,24,34
105509,944,536,884,604,24,34
105640,944,537,886,604,24,34
105771,944,536,884,604,24,34
105906,944,537,885,604,24,34
106037,944,536,885,603,24,34
106169,944,536,885,602,24,34
106299,944,536,886,600,24,34
106426,944,536,886,595,24,34
106557,943,536,886,583,24,34
106689,944,536,885,574,24,34
106820,944,536,886,565,24,34
106951,944,535,885,559,24,34
107086,944,536,886,553,24,34
107217,944,535,886,549,24,34
107348,944,536,885,547,24,34
107475,944,536,885,549,24,34
107606,944,536,885,556,24,34
107737,944,535,885,565,24,34
107868,944,535,884,572,24,34
107999,944,536,884,577,24,34
108130,943,535,884,583,24,34
108265,944,535,883,587,24,34
108396,944,535,883,589,24,34
108524,944,535,883,592,24,34
108655,944,535,883,595,24,34
108786,944,536,883,597,24,34
108917,944,535,883,598,24,34
109048,944,536,883,599,24,34
109179,943,536,884,600,24,34
109310,944,535,883,601,24,34
109445,944,536,884,601,24,34
109572,944,535,883,600,24,34
109703,944,535,884,600,24,34
109834,944,536,884,600,24,34
109965,944,536,884,600,24,34
110096,944,536,884,598,24,34
110228,944,536,884,594,24,34
110358,944,535,885,584,24,34
110490,944,535,884,574,24,34
110621,944,536,885,564,24,34
110752,944,536,885,558,24,34
110883,944,536,884,552,24,34
111014,944,536,884,548,24,34
111145,944,536,884,546,24,34
111276,944,536,884,548,24,34
111407,943,536,884,553,24,34
111538,944,536,885,561,24,34
111669,944,536,886,568,24,34
111800,944,536,884,575,24,34
111931,943,536,884,581,24,34
112062,944,536,885,585,24,34
112193,943,536,884,587,24,34
112324,944,536,884,590,24,34
112455,944,536,884,592,24,34
112587,944,536,884,593,24,34
112718,944,536,883,595,24,34
112849,944,536,883,596,24,34
112980,943,536,883,596,24,34
113111,943,536,882,597,24,34
113242,944,536,883,596,24,34
113373,944,537,882,597,24,34
113504,944,536,883,597,24,34
113635,944,536,883,596,24,34
113766,944,536,883,594,24,34
113897,944,536,882,587,24,34
114024,944,536,883,576,24,34
114159,943,536,883,566,24,34
114290,944,537,884,558,24,34
114421,943,536,884,552,24,34
114553,943,536,884,547,24,34
114683,944,536,884,542,24,34
114815,944,536,883,542,24,34
114946,943,537,885,544,24,34
115073,943,537,885,549,24,34
115204,944,536,884,558,24,34
115339,944,536,884,564,24,34
115470,944,536,884,570,24,34
115601,943,536,885,578,24,34
115732,944,537,885,581,24,34
115863,944,536,885,584,24,34
115994,944,536,885,587,24,34
116125,944,536,884,589,24,34
116252,944,536,884,592,24,34
116383,943,536,885,594,24,34
116519,944,536,884,593,24,34
116650,944,536,883,594,24,34
116781,943,536,883,594,24,34
116912,943,536,883,594,24,34
117043,944,536,882,594,24,34
117174,943,536,883,594,24,34
117301,944,535,882,592,24,34
117432,944,535,882,589,24,34
117564,944,536,883,578,24,34
117698,944,536,883,570,24,35
117829,944,535,883,561,24,35
117960,944,536,882,554,24,35
118091,944,534,883,548,24,35
118222,943,535,883,545,24,35
118349,943,535,883,543,24,35
118480,943,535,882,544,24,35
118611,944,535,883,549,24,35
118742,943,534,883,558,24,35
118878,943,535,883,565,24,34
119009,944,534,884,572,24,34
119140,943,535,884,577,24,34
119271,943,534,883,581,24,34
119398,943,534,883,583,24,34
119529,943,534,884,585,24,34
119660,943,534,884,588,24,34
119791,944,534,884,590,24,34
119922,943,534,884,590,24,34
120057,943,534,884,591,24,35
120188,943,534,884,591,24,35
120319,943,534,885,592,24,35
120447,944,534,884,593,24,35
120578,944,534,885,592,24,35
120709,944,533,884,589,24,35
120840,943,534,883,581,24,35
120971,943,534,884,571,24,35
121102,944,534,883,562,24,35
121237,943,533,883,554,24,34
121368,944,534,883,547,24,34
121499,944,534,883,544,24,34
121626,943,533,883,540,24,34
121757,944,534,882,538,24,34
121888,944,534,882,538,24,34
122019,943,534,882,543,24,34
122150,944,534,882,552,24,34
122281,944,534,882,560,24,34
122416,943,535,882,567,24,34
122547,943,534,882,572,24,34
122675,943,534,882,577,24,34
122806,944,534,882,580,24,34
122937,944,534,882,583,24,34
123068,943,534,882,585,24,34
123199,943,534,882,586,24,34
123330,943,535,882,588,24,34
123461,943,534,883,589,24,34
123596,944,535,883,590,24,35
123723,944,534,883,590,24,35
123854,944,535,882,589,24,35
123985,944,535,884,587,24,35
124117,943,534,884,583,24,35
124248,944,534,883,573,24,35
124379,944,534,884,563,24,35
124509,943,534,884,556,24,35
124640,943,535,884,548,24,35
124772,943,535,884,543,24,34
124903,944,534,884,541,24,34
125034,943,535,883,539,24,34
125165,944,535,883,541,24,34
125296,944,535,882,547,24,34
125427,944,535,882,555,24,34
125558,943,535,883,562,24,34
125689,944,535,882,568,24,34
125820,944,535,881,572,24,34
125951,943,535,881,577,24,35
126083,944,534,881,579,24,35
126214,943,535,881,582,24,35
126344,943,534,882,583,24,35
126476,943,535,880,585,24,35
126607,944,535,881,584,24,35
126737,944,534,881,586,24,35
126868,943,535,881,586,24,35
127000,943,535,881,586,24,35
127131,943,535,882,582,24,35
127262,943,535,882,571,24,35
127393,944,535,882,562,24,35
127524,943,535,882,553,24,35
127655,944,535,882,546,24,35
127786,944,535,882,540,24,35
127917,943,535,883,537,24,35
128048,943,534,882,532,24,35
128175,943,535,883,532,24,35
128310,944,535,882,535,24,35
128442,943,535,883,541,24,35
128572,943,534,883,549,24,35
128704,943,535,883,557,24,35
128835,943,534,882,563,24,35
128966,943,535,883,569,24,35
129097,944,535,883,572,24,35
129224,944,535,882,576,24,35
129355,943,535,883,579,24,35
129490,943,535,883,580,24,35
129621,943,534,882,582,24,35
129752,942,535,882,585,24,35
129883,943,535,882,585,24,35
130014,943,534,881,586,24,35
130145,943,535,881,585,24,35
130276,943,535,881,584,24,35
130403,943,535,880,583,24,35
130534,944,535,881,575,24,35
130670,943,535,881,565,24,35
130801,943,535,881,556,24,35
130932,943,535,880,550,24,35
131063,943,534,881,542,24,35
131194,943,534,881,539,24,35
131325,944,535,881,538,24,35
131452,944,535,882,539,24,35
131583,943,535,882,544,24,35
131714,944,535,882,552,24,35
131849,944,535,882,559,24,35
131980,943,535,882,564,24,35
132111,943,535,882,570,24,35
132242,943,535,883,574,24,35
132373,943,535,883,577,24,35
132500,943,534,883,580,24,35
132631,943,535,883,581,24,35
132762,943,534,882,583,24,35
132894,943,534,882,584,24,35
133029,944,535,882,585,24,35
133160,943,534,883,584,24,35
133291,943,534,883,584,24,35
133422,943,535,884,582,24,35
133549,943,534,883,575,24,35
133680,944,534,882,565,24,35
133811,943,534,883,555,24,35
133942,943,534,883,548,24,35
134073,944,534,882,541,24,35
134209,943,534,882,537,24,35
134339,943,534,882,533,24,35
134470,943,534,882,531,24,35
134601,943,534,882,532,24,35
134729,944,534,881,536,24,35
134860,943,534,881,545,24,35
134991,943,534,881,554,24,35
135122,942,533,881,560,24,35
135253,943,533,881,565,24,35
135388,943,533,880,570,24,35
135519,943,533,881,574,24,35
135650,943,533,881,577,24,35
135777,943,533,881,579,24,35
135908,943,533,882,581,24,35
136039,943,533,881,583,24,35
136170,944,533,882,583,24,35
136302,944,533,882,584,24,35
136432,943,533,882,584,24,35
136567,943,533,882,583,24,35
136699,943,533,882,581,24,35
136826,943,533,883,574,24,35
136957,943,534,882,565,24,35
137088,943,532,882,554,24,35
137219,944,533,882,548,24,35
137350,943,533,883,542,24,35
137481,943,533,882,539,24,35
137612,943,533,883,536,24,35
137747,943,534,883,536,24,35
137878,943,533,883,541,24,35
138005,943,532,882,548,24,35
138136,944,533,882,556,24,35
138267,942,533,882,561,24,35
138398,943,533,882,566,24,35
138530,943,533,882,572,24,35
138660,943,534,882,575,24,35
138791,944,534,882,576,24,35
138927,943,533,882,578,24,35
139054,944,532,881,581,24,35
139185,943,534,882,582,24,35
139316,943,533,881,583,24,35
139447,943,533,881,581,24,35
139578,943,534,881,582,24,35
139709,942,534,881,581,24,35
139840,943,534,881,573,24,35
139971,944,533,880,563,24,35
140102,943,534,881,554,24,35
140233,942,534,881,547,24,35
140364,943,534,882,540,24,35
140495,943,533,881,535,24,35
140627,943,534,882,532,24,35
140758,943,534,881,530,24,35
140889,943,534,882,531,24,35
141020,943,534,882,534,24,35
141151,943,533,882,542,24,35
141282,943,533,882,550,24,35
141413,943,534,882,557,24,35
141544,943,534,882,563,24,35
141675,943,534,882,568,24,35
141806,943,534,883,572,24,35
141937,943,533,882,574,24,35
142068,943,534,883,578,24,35
142199,943,534,882,579,24,35
142330,943,534,882,580,24,35
142461,943,534,882,582,24,35
142592,942,533,883,582,24,35
142724,942,534,882,582,24,35
142855,944,534,882,582,24,35
142986,943,533,881,581,24,35
143117,943,534,881,577,24,35
143248,943,533,881,567,24,35
143379,943,534,881,557,24,35
143506,943,534,881,549,24,35
143641,943,534,881,543,24,35
143772,943,534,880,538,24,35
143903,943,534,880,534,24,35
144034,942,534,881,533,24,35
144165,943,534,880,536,24,35
144296,943,533,880,540,24,35
144427,943,534,880,548,24,35
144554,943,534,880,555,24,35
144685,943,534,881,561,24,35
144821,943,534,880,566,24,35
144952,942,533,881,570,24,35
145083,943,534,882,574,24,35
145214,943,533,881,576,24,35
145345,943,533,882,578,24,35
145476,943,533,881,580,24,35
145607,943,534,882,581,24,35
145734,943,534,882,581,24,35
145865,943,534,882,580,24,35
146000,943,533,882,580,24,35
146131,943,533,882,574,24,35
146262,943,534,882,564,24,35
146393,943,534,882,554,24,35
146524,943,533,882,546,24,35
146655,943,533,882,539,24,35
146783,943,533,882,535,24,35
146914,943,533,882,531,24,35
147045,943,532,883,529,24,35
147180,943,533,882,530,24,35
147311,943,532,881,533,24,35
147442,943,533,882,540,24,35
147573,943,532,881,549,24,35
147704,943,533,881,556,24,35
147831,943,533,880,562,24,35
147962,943,532,881,567,24,35
148093,943,532,881,571,24,35
148224,943,532,880,574,24,35
148360,943,532,881,576,24,34
148490,943,532,880,578,24,34
148622,943,532,880,580,24,34
148752,943,532,880,580,24,34
148880,943,532,880,581,24,34
149011,942,532,881,582,24,34
149142,943,531,881,581,24,34
149273,943,532,880,581,24,34
149404,943,532,880,577,24,34
149539,942,531,881,566,24,34
149670,943,532,881,557,24,34
149801,942,532,882,549,24,34
149928,943,531,881,543,24,34
150059,943,532,882,537,24,34
150190,943,532,881,532,24,34
150321,942,531,881,533,24,34
150452,943,531,882,535,24,34
150583,943,532,882,539,24,34
150719,943,531,882,548,24,34
150849,943,532,882,555,24,34
150976,943,532,882,561,24,34
151108,943,531,882,566,24,34
151239,942,531,882,570,24,34
151370,943,532,882,573,24,34
151501,943,532,882,576,24,34
151632,943,531,881,577,24,34
151763,942,532,882,580,24,34
151898,943,532,881,580,24,34
152025,943,532,881,581,24,34
152156,943,532,880,580,24,34
152287,942,532,880,580,24,34
152418,943,532,880,579,24,34
152550,943,532,880,569,24,34
152680,943,533,880,560,24,34
152812,943,533,879,551,24,34
152943,943,532,880,543,24,34
153078,943,533,880,537,24,34
153205,943,533,880,533,24,34
153336,942,533,880,530,24,34
153467,942,532,880,529,24,34
153598,943,532,881,529,24,34
153729,943,532,880,535,24,34
153860,943,532,881,543,24,34
153991,943,533,880,550,24,34
154122,943,533,881,557,24,34
154253,942,532,881,563,24,34
154384,943,532,881,568,24,34
154515,943,532,882,571,24,34
154646,942,533,882,573,24,34
154777,942,532,881,577,24,34
154909,943,533,882,579,24,34
155040,943,533,882,580,24,34
155171,943,532,881,581,24,34
155302,942,533,882,581,24,34
155433,942,532,882,580,24,34
155564,942,532,882,581,24,34
155695,942,533,882,580,24,34
155826,943,533,882,577,24,34
155957,943,532,882,566,24,34
156088,943,533,881,557,24,34
156219,942,533,881,549,24,34
156350,942,533,880,543,24,34
156477,942,533,880,537,24,34
156612,942,533,880,534,24,35
156743,943,533,880,532,24,35
156875,942,533,879,534,24,35
157006,942,532,879,541,24,35
157137,942,533,880,549,24,35
157268,943,532,879,554,24,35
157399,943,533,879,561,24,35
157530,943,533,880,565,24,35
157657,943,533,880,570,24,35
157792,943,533,880,572,24,34
157923,943,533,879,575,24,34
158054,942,534,880,577,24,34
158185,943,533,880,579,24,34
158316,943,533,880,579,24,34
158447,943,533,880,582,24,34
158578,943,533,881,581,24,34
158705,942,533,881,580,24,34
158836,943,533,882,579,24,34
158972,943,532,880,573,24,35
159103,943,533,881,563,24,35
159234,942,533,881,553,24,35
159365,942,532,881,546,24,35
